,6,7
q,ȉ[,
q,ȉ[,
q,ȉ[,
q,ȉ[,G
q,ȉ[,G
q,ȉ[,
q,ȉ[,G
q,ȉ[,G
q,ȉ[,
q,ȉ[,
q,ȉ[,
q,ȉ[,
q,ȉ[,G
q,ȉ[,
q,ȉ[,
q,ȉ[,
q,ȉ[,G
q,ȉ[,G
X,ȉ[,G
X,ȉ[,G
X,ȉ[,G
X,ȉ[,G
X,ȉ[,G
X,ȉ[,G
X,ȉ[,G
X,ȉ[,G
X,ȉ[,G
X,ȉ[,G
X,ȉ[,G
X,ȉ[,G
X,ȉ[,G
X,ȉ[,G
X,ȉ[,G
X,ȉ[,G
X,ȉ[,G
X,ȉ[,G
X,ȉ[,G
X,ȉ[,G
X,ȉ[,G
X,ȉ[,G
X,ȉ[,G
X,ȉ[,G
X,ȉ[,G
X,ȉ[,G
X,ȉ[,G
X,ȉ[,G
X,ȉ[,G
X,ȉ[,G
X,ȉ[,G
X,ȉ[,G
X,ȉ[,G
X,ȉ[,G
X,ȉ[,G
X,ȉ[,G
X,ȉ[,G
X,ȉ[,G
X,ȉ[,G
X,ȉ[,G
X,ȉ[,G
X,ȉ[,G
q,Z[X,
q,Z[X,
q,Z[X,G
q,Z[X,
q,Z[X,
q,Z[X,
q,Z[X,G
q,Z[X,
q,Z[X,G
q,Z[X,G
q,Z[X,
q,Z[X,
q,Z[X,
q,Z[X,
q,Z[X,G
q,Z[X,G
q,Z[X,G
q,Z[X,G
q,Z[X,G
q,Z[X,
q,Z[X,
q,Z[X,G
q,Z[X,G
q,Z[X,
q,Z[X,
q,Z[X,G
q,Z[X,
q,Z[X,
q,Z[X,
q,Z[X,G
q,Z[X,
q,Z[X,
q,Z[X,
q,Z[X,
q,Z[X,
q,Z[X,
q,Z[X,
q,Z[X,G
q,Z[X,G
X,Z[X,G
X,Z[X,G
X,Z[X,G
X,Z[X,G
X,Z[X,G
X,Z[X,G
X,Z[X,G
X,Z[X,G
X,Z[X,G
X,Z[X,G
X,Z[X,G
q,ڋq,
q,ڋq,
q,ڋq,G
q,ڋq,
q,ڋq,
q,ڋq,
q,ڋq,G
q,ڋq,G
q,ڋq,
q,ڋq,
q,ڋq,
q,ڋq,
q,ڋq,G
q,ڋq,G
q,ڋq,
q,ڋq,G
q,ڋq,
q,ڋq,
q,ڋq,G
q,ڋq,
q,ڋq,
q,ڋq,
q,ڋq,G
q,ڋq,
q,ڋq,
q,ڋq,
q,ڋq,G
q,ڋq,G
q,ڋq,
q,ڋq,
q,ڋq,
q,ڋq,G
q,ڋq,G
q,ڋq,G
q,ڋq,
X,ڋq,G
X,ڋq,G
X,ڋq,G
X,ڋq,G
X,ڋq,G
X,ڋq,G
X,ڋq,G
X,ڋq,G
X,ڋq,G
q,n抈,
q,n抈,
q,n抈,
q,n抈,
q,n抈,
q,n抈,
q,n抈,
q,n抈,
q,n抈,G
q,n抈,
q,n抈,
X,n抈,G
X,n抈,G
X,n抈,G
X,n抈,G
X,n抈,G
X,n抈,G
X,n抈,G
X,n抈,G
X,n抈,G
X,n抈,G
X,n抈,G
X,n抈,G
X,n抈,G
X,n抈,G
X,n抈,G
X,n抈,G
X,n抈,G
X,n抈,G
X,n抈,G
X,n抈,G
X,n抈,G
X,n抈,G
X,n抈,G
X,n抈,G
X,n抈,G
X,n抈,G
X,n抈,G
X,n抈,G
X,n抈,G
X,n抈,G
X,n抈,G
X,n抈,G
X,n抈,G
X,n抈,G
X,n抈,G
X,n抈,
X,n抈,
X,n抈,
